application_num,decision_date,fuel_amount_clean,fuel_type_clean_EN,lon,lat,Origin,dest_lon,dest_lat,Destination,exporter_proxy,importer_proxy
1,10/20/2018,5000,Petrol,,,,49.123680,14.543720,"Mukalla, Yemen",,3
10,11/8/2018,23760,Diesel,,,,44.201960,15.361980,"Nishtun, Yemen",,3
100,3/28/2019,2770,Diesel,,,,49.123680,14.543720,"Mukalla, Yemen",,3
100,3/28/2019,7186,Petrol,,,,49.123680,14.543720,"Mukalla, Yemen",,3
101,3/29/2019,43942,Diesel,,,,45.035469,12.809800,"Aden, Yemen",,2
102,4/1/2019,4000,Diesel,,,,44.201960,15.361980,"Nishtun, Yemen",,5
103,4/2/2019,3340,Diesel,,,,49.123680,14.543720,"Mukalla, Yemen",,3
104,4/3/2019,3000,Diesel,,,,44.201960,15.361980,"Nishtun, Yemen",,29
105,4/4/2019,3805,Diesel,,,,43.752860,13.526220,"Hodeida, Yemen",,28
106,4/9/2019,3990,Diesel,,,,49.123680,14.543720,"Mukalla, Yemen",,16
106,4/9/2019,9985,Petrol,,,,49.123680,14.543720,"Mukalla, Yemen",,16
107,4/9/2019,3700,Diesel,,,,44.201960,15.361980,"Nishtun, Yemen",,5
108,4/16/2019,9555,Petrol,55.420933,25.346254,"Sharjah, UAE",43.752860,13.526220,"Hodeida, Yemen",J,29
109,4/9/2019,15000,Mazout,,,,43.752860,13.526220,"Hodeida, Yemen",,7
11,11/16/2018,2945,Diesel,,,,44.201960,15.361980,"Nishtun, Yemen",,29
110,4/11/2019,10675,Petrol,,,,49.123680,14.543720,"Mukalla, Yemen",,3
111,4/11/2019,4480,Diesel,,,,49.123680,14.543720,"Mukalla, Yemen",,3
112,4/11/2019,4741,Petrol,,,,44.201960,15.361980,"Nishtun, Yemen",,29
113,4/15/2019,60435,Petrol,,,,45.035469,12.809800,"Aden, Yemen",,2
114,6/4/2019,29971,Diesel,55.420933,25.346254,"Sharjah, UAE",43.752860,13.526220,"Hodeida, Yemen",J,29
115,4/17/2019,37014,Mazout,,,,45.035469,12.809800,"Aden, Yemen",,2
116,4/17/2019,2500,Diesel,,,,44.201960,15.361980,"Nishtun, Yemen",,5
117,4/18/2019,14998,Diesel,56.346218,25.144190,"Fujairah, UAE",43.752860,13.526220,"Hodeida, Yemen",L,27
119,4/18/2019,60675,Diesel,56.346218,25.144190,"Fujairah, UAE",45.035469,12.809800,"Aden, Yemen",K,2
119,4/18/2019,2266,Jet fuel,56.346218,25.144190,"Fujairah, UAE",45.035469,12.809800,"Aden, Yemen",K,2
12,11/16/2018,89977,Diesel,,,,45.035469,12.809800,"Aden, Yemen",,1
12,11/16/2018,1004,Aircraft fuel,,,,45.035469,12.809800,"Aden, Yemen",,1
121,4/22/2019,3871,Petrol,56.752079,24.325871,"Sohar, Oman",43.752860,13.526220,"Hodeida, Yemen",T,24
122,4/22/2019,11380,Petrol,56.752079,24.325871,"Sohar, Oman",49.123680,14.543720,"Mukalla, Yemen",W,3
123,4/24/2019,17999,Diesel,56.346218,25.144190,"Fujairah, UAE",43.752860,13.526220,"Hodeida, Yemen",P,20
123,4/24/2019,10000,Petrol,56.346218,25.144190,"Fujairah, UAE",43.752860,13.526220,"Hodeida, Yemen",P,20
124,4/24/2019,11394,Diesel,56.346218,25.144190,"Fujairah, UAE",43.752860,13.526220,"Hodeida, Yemen",P,20
127,4/29/2019,7172,Mazout,56.346218,25.144190,"Fujairah, UAE",43.752860,13.526220,"Hodeida, Yemen",A,7
128,,2600,Petrol,56.752079,24.325871,"Sohar, Oman",44.201960,15.361980,"Nishtun, Yemen",O,5
13,11/21/2018,6400,Diesel,,,,49.123680,14.543720,"Mukalla, Yemen",,5
130,5/1/2019,20474,Petrol,56.346218,25.144190,"Fujairah, UAE",43.752860,13.526220,"Hodeida, Yemen",Z,9
131,4/24/2019,11394,Diesel,56.346218,25.144190,"Fujairah, UAE",43.752860,13.526220,"Hodeida, Yemen",P,20
132,5/2/2019,33993,Diesel,37.782050,44.736010,"Novorossiysk, Russia",45.035469,12.809800,"Aden, Yemen",K,2
133,5/10/2019,11505,Diesel,56.346218,25.144190,"Fujairah, UAE",43.752860,13.526220,"Hodeida, Yemen",A,7
134,5/6/2019,2500,Diesel,56.752079,24.325871,"Sohar, Oman",44.201960,15.361980,"Nishtun, Yemen",O,5
135,5/6/2019,2000,Diesel,55.420933,25.346254,"Sharjah, UAE",44.201960,15.361980,"Nishtun, Yemen",O,5
137,5/9/2019,9207,Diesel,56.346218,25.144190,"Fujairah, UAE",49.123680,14.543720,"Mukalla, Yemen",L,27
138,5/15/2019,15028,Petrol,56.752079,24.325871,"Sohar, Oman",43.752860,13.526220,"Hodeida, Yemen",T,24
139,5/15/2019,4150,Mazout,55.420933,25.346254,"Sharjah, UAE",49.123680,14.543720,"Mukalla, Yemen",C,32
14,11/25/2018,24101,Petrol,,,,43.752860,13.526220,"Hodeida, Yemen",,24
140,5/15/2019,3272,Diesel,55.420933,25.346254,"Sharjah, UAE",49.123680,14.543720,"Mukalla, Yemen",C,32
141,5/15/2019,3951,Diesel,55.420933,25.346254,"Sharjah, UAE",44.201960,15.361980,"Nishtun, Yemen",J,29
142,5/17/2019,42369,Diesel,,,,45.035469,12.809800,"Aden, Yemen",K,2
143,5/18/2019,57493,Petrol,56.752079,24.325871,"Sohar, Oman",45.035469,12.809800,"Aden, Yemen",K,2
144,5/18/2019,2300,Diesel,55.420933,25.346254,"Sharjah, UAE",44.201960,15.361980,"Nishtun, Yemen",O,5
145,5/19/2019,2150,Diesel,55.420933,25.346254,"Sharjah, UAE",44.201960,15.361980,"Nishtun, Yemen",O,5
146,5/21/2019,4761,Petrol,56.752079,24.325871,"Sohar, Oman",44.201960,15.361980,"Nishtun, Yemen",J,29
147,5/21/2019,42991,Diesel,55.302551,25.257111,"Al Hamriya, UAE",45.035469,12.809800,"Aden, Yemen",K,2
148,5/23/2019,9715,Petrol,56.346218,25.144190,"Fujairah, UAE",49.123680,14.543720,"Mukalla, Yemen",V,3
149,5/23/2019,7001,Mazout,56.346218,25.144190,"Fujairah, UAE",43.752860,13.526220,"Hodeida, Yemen",A,7
15,11/30/2018,9967,Diesel,,,,49.123680,14.543720,"Mukalla, Yemen",,3
150,5/24/2019,27580,Petrol,55.302551,25.257111,"Al Hamriya, UAE",43.752860,13.526220,"Hodeida, Yemen",E,11
151,5/26/2019,29370,Diesel,55.420933,25.346254,"Sharjah, UAE",43.752860,13.526220,"Hodeida, Yemen",T,24
152,5/27/2019,9968,Diesel,56.346218,25.144190,"Fujairah, UAE",43.752860,13.526220,"Hodeida, Yemen",P,20
152,5/27/2019,10855,Petrol,56.346218,25.144190,"Fujairah, UAE",43.752860,13.526220,"Hodeida, Yemen",P,20
153,5/28/2019,39510,Mazout,56.346218,25.144190,"Fujairah, UAE",45.035469,12.809800,"Aden, Yemen",K,2
154,5/28/2019,11726,Diesel,56.752079,24.325871,"Sohar, Oman",49.123680,14.543720,"Mukalla, Yemen",W,3
155,5/30/2019,27016,Petrol,56.346218,25.144190,"Fujairah, UAE",43.752860,13.526220,"Hodeida, Yemen",Z,9
156,6/3/2019,5657,Gas,,,,43.752860,13.526220,"Hodeida, Yemen",N,19
157,6/3/2019,30486,Diesel,55.302551,25.257111,"Al Hamriya, UAE",43.752860,13.526220,"Hodeida, Yemen",A,14
158,6/3/2019,15867,Diesel,56.346218,25.144190,"Fujairah, UAE",45.035469,12.809800,"Aden, Yemen",L,27
16,12/3/2018,13587,Diesel,,,,43.752860,13.526220,"Hodeida, Yemen",,29
16,12/3/2018,5095,Petrol,,,,43.752860,13.526220,"Hodeida, Yemen",,29
160,6/4/2019,7468,Petrol,56.752079,24.325871,"Sohar, Oman",43.752860,13.526220,"Hodeida, Yemen",T,24
160,6/4/2019,21487,Diesel,56.752079,24.325871,"Sohar, Oman",43.752860,13.526220,"Hodeida, Yemen",T,24
161,6/4/2019,2523,Diesel,55.420933,25.346254,"Sharjah, UAE",44.201960,15.361980,"Nishtun, Yemen",O,5
162,6/9/2019,7184,Mazout,56.346218,25.144190,"Fujairah, UAE",43.752860,13.526220,"Hodeida, Yemen",A,7
163,6/9/2019,9161,Diesel,55.302551,25.257111,"Al Hamriya, UAE",43.752860,13.526220,"Hodeida, Yemen",A,7
164,6/16/2019,2132,Diesel,56.752079,24.325871,"Sohar, Oman",49.123680,14.543720,"Mukalla, Yemen",W,3
165,6/14/2019,10948,Diesel,55.302551,25.257111,"Al Hamriya, UAE",43.752860,13.526220,"Hodeida, Yemen",A,14
165,6/14/2019,10015,Petrol,55.302551,25.257111,"Al Hamriya, UAE",43.752860,13.526220,"Hodeida, Yemen",A,14
166,6/18/2019,23970,Petrol,56.752079,24.325871,"Sohar, Oman",43.752860,13.526220,"Hodeida, Yemen",T,24
167,6/20/2019,4485,Diesel,55.302551,25.257111,"Al Hamriya, UAE",43.752860,13.526220,"Hodeida, Yemen",Y,28
169,6/20/2019,4800,Gas,28.606060,44.232460,"Midia, Romania",43.752860,13.526220,"Hodeida, Yemen",Q,19
17,12/4/2018,3538,Petrol,,,,44.201960,15.361980,"Nishtun, Yemen",,29
170,6/20/2019,2150,Diesel,55.420933,25.346254,"Sharjah, UAE",49.123680,14.543720,"Mukalla, Yemen",O,5
171,6/20/2019,2762,Diesel,55.420933,25.346254,"Sharjah, UAE",44.201960,15.361980,"Nishtun, Yemen",J,29
172,6/20/2019,9800,Petrol,48.082729,29.172529,"Jabel Ali, UAE",49.123680,14.543720,"Mukalla, Yemen",A,3
173,6/22/2019,43132,Diesel,55.302551,25.257111,"Al Hamriya, UAE",45.035469,12.809800,"Aden, Yemen",U,2
174,6/27/2019,29291,Diesel,56.346218,25.144190,"Fujairah, UAE",43.752860,13.526220,"Hodeida, Yemen",P,20
175,6/27/2019,20855,Diesel,56.346218,25.144190,"Fujairah, UAE",45.035469,12.809800,"Aden, Yemen",K,2
175,6/27/2019,2994,Aircraft fuel,56.346218,25.144190,"Fujairah, UAE",45.035469,12.809800,"Aden, Yemen",K,2
176,7/10/2019,27000,Diesel,55.302551,25.257111,"Al Hamriya, UAE",43.752860,13.526220,"Hodeida, Yemen",S,9
177,6/27/2019,9000,Diesel,55.420933,25.346254,"Sharjah, UAE",49.123680,14.543720,"Mukalla, Yemen",W,3
178,7/7/2019,9912,Petrol,56.346218,25.144190,"Fujairah, UAE",49.123680,14.543720,"Mukalla, Yemen",Z,16
179,7/7/2019,3853,Gas,9.010480,39.068460,"Sarroch, Italy",43.752860,13.526220,"Hodeida, Yemen",H,8
18,12/5/2018,3396,Diesel,,,,49.123680,14.543720,"Mukalla, Yemen",,3
180,7/7/2019,9992,Diesel,56.346218,25.144190,"Fujairah, UAE",49.123680,14.543720,"Mukalla, Yemen",Z,16
181,7/7/2019,24514,Petrol,56.346218,25.144190,"Fujairah, UAE",43.752860,13.526220,"Hodeida, Yemen",T,24
181,7/7/2019,5021,Diesel,56.346218,25.144190,"Fujairah, UAE",43.752860,13.526220,"Hodeida, Yemen",T,24
182,7/7/2019,45984,Diesel,36.719051,45.215919,"Taman, Russia",45.035469,12.809800,"Aden, Yemen",K,2
183,7/7/2019,2600,Diesel,55.420933,25.346254,"Sharjah, UAE",44.201960,15.361980,"Nishtun, Yemen",O,5
184,7/7/2019,2000,Diesel,55.420933,25.346254,"Sharjah, UAE",44.201960,15.361980,"Nishtun, Yemen",O,5
185,7/7/2019,2350,Diesel,55.420933,25.346254,"Sharjah, UAE",49.123680,14.543720,"Mukalla, Yemen",O,5
186,7/10/2019,9748,Petrol,56.752079,24.325871,"Sohar, Oman",43.752860,13.526220,"Hodeida, Yemen",J,29
187,7/10/2019,11519,Diesel,56.752079,24.325871,"Sohar, Oman",43.752860,13.526220,"Hodeida, Yemen",J,29
188,7/12/2019,31116,Petrol,56.346218,25.144190,"Fujairah, UAE",43.752860,13.526220,"Hodeida, Yemen",R,30
189,7/15/2019,3821,Mazout,55.420933,25.346254,"Sharjah, UAE",49.123680,14.543720,"Mukalla, Yemen",W,3
19,12/6/2018,3100,Diesel,,,,44.201960,15.361980,"Nishtun, Yemen",,5
190,7/17/2019,15010,Petrol,48.082729,29.172529,"Jabel Ali, UAE",43.752860,13.526220,"Hodeida, Yemen",A,20
191,7/17/2019,15605,Diesel,55.302551,25.257111,"Al Hamriya, UAE",43.752860,13.526220,"Hodeida, Yemen",D,19
192,7/19/2019,4000,Diesel,56.346218,25.144190,"Fujairah, UAE",49.123680,14.543720,"Mukalla, Yemen",G,5
193,7/19/2019,7236,Mazout,56.346218,25.144190,"Fujairah, UAE",43.752860,13.526220,"Hodeida, Yemen",A,7
195,7/22/2019,9988,Diesel,,,,43.752860,13.526220,"Hodeida, Yemen",P,20
195,7/22/2019,17176,Petrol,,,,43.752860,13.526220,"Hodeida, Yemen",P,20
196,7/21/2019,43434,Mazout,56.350761,25.354851,"Khor Fakkan, UAE",45.035469,12.809800,"Aden, Yemen",K,2
197,7/22/2019,12984,Petrol,56.346218,25.144190,"Fujairah, UAE",49.123680,14.543720,"Mukalla, Yemen",Z,16
198,7/22/2019,8992,Diesel,55.420933,25.346254,"Sharjah, UAE",49.123680,14.543720,"Mukalla, Yemen",W,3
199,7/23/2019,42087,Diesel,55.302551,25.257111,"Al Hamriya, UAE",45.035469,12.809800,"Aden, Yemen",K,2
2,10/20/2018,8760,Petrol,,,,49.123680,14.543720,"Mukalla, Yemen",,3
20,12/8/2018,61449,Petrol,,,,45.035469,12.809800,"Aden, Yemen",,1
200,7/23/2019,60064,Petrol,48.082729,29.172529,"Jabel Ali, UAE",45.035469,12.809800,"Aden, Yemen",K,2
202,7/25/2019,4822,Diesel,56.346218,25.144190,"Fujairah, UAE",43.752860,13.526220,"Hodeida, Yemen",A,7
202,7/25/2019,11165,Mazout,56.346218,25.144190,"Fujairah, UAE",43.752860,13.526220,"Hodeida, Yemen",A,7
203,7/24/2019,30031,Diesel,56.346218,25.144190,"Fujairah, UAE",43.752860,13.526220,"Hodeida, Yemen",T,24
204,7/28/2019,29259,Diesel,56.346218,25.144190,"Fujairah, UAE",43.752860,13.526220,"Hodeida, Yemen",T,24
205,7/26/2019,8278,Gas,29.916260,31.200170,"Suez Canal OPL, Egypt",43.752860,13.526220,"Hodeida, Yemen",M,19
206,7/31/2019,2500,Diesel,55.420933,25.346254,"Sharjah, UAE",44.201960,15.361980,"Nishtun, Yemen",K,23
207,7/31/2019,20063,Diesel,56.752079,24.325871,"Sohar, Oman",43.752860,13.526220,"Hodeida, Yemen",J,29
207,7/31/2019,10040,Petrol,56.752079,24.325871,"Sohar, Oman",43.752860,13.526220,"Hodeida, Yemen",J,29
208,8/3/2019,29871,Petrol,56.346218,25.144190,"Fujairah, UAE",43.752860,13.526220,"Hodeida, Yemen",T,24
209,8/8/2019,6055,Diesel,55.302551,25.257111,"Al Hamriya, UAE",49.123680,14.543720,"Mukalla, Yemen",I,15
21,12/8/2018,1550,Petrol,,,,44.201960,15.361980,"Nishtun, Yemen",,29
21,12/8/2018,841,Diesel,,,,44.201960,15.361980,"Nishtun, Yemen",,29
210,8/8/2019,29986,Petrol,56.346218,25.144190,"Fujairah, UAE",43.752860,13.526220,"Hodeida, Yemen",Z,9
211,8/4/2019,28988,Diesel,56.346218,25.144190,"Fujairah, UAE",43.752860,13.526220,"Hodeida, Yemen",L,27
212,8/6/2019,19800,Petrol,56.346218,25.144190,"Fujairah, UAE",43.752860,13.526220,"Hodeida, Yemen",P,20
212,8/6/2019,9098,Diesel,56.346218,25.144190,"Fujairah, UAE",43.752860,13.526220,"Hodeida, Yemen",P,20
213,8/7/2019,11775,Diesel,56.346218,25.144190,"Fujairah, UAE",49.123680,14.543720,"Mukalla, Yemen",W,3
214,8/7/2019,9864,Petrol,56.346218,25.144190,"Fujairah, UAE",49.123680,14.543720,"Mukalla, Yemen",W,3
215,8/8/2019,2000,Diesel,55.420933,25.346254,"Sharjah, UAE",44.201960,15.361980,"Nishtun, Yemen",K,23
216,8/8/2019,59988,Diesel,56.346218,25.144190,"Fujairah, UAE",45.035469,12.809800,"Aden, Yemen",K,2
217,8/8/2019,29403,Petrol,56.346218,25.144190,"Fujairah, UAE",43.752860,13.526220,"Hodeida, Yemen",T,24
218,8/13/2019,8189,Mazout,56.346218,25.144190,"Fujairah, UAE",49.123680,14.543720,"Mukalla, Yemen",W,3
219,8/18/2019,3871,Diesel,55.420933,25.346254,"Sharjah, UAE",49.123680,14.543720,"Mukalla, Yemen",W,3
22,12/9/2018,18010,Petrol,,,,43.752860,13.526220,"Hodeida, Yemen",,10
22,12/9/2018,9444,Diesel,,,,43.752860,13.526220,"Hodeida, Yemen",,10
221,,9858,Petrol,56.346218,25.144190,"Fujairah, UAE",49.123680,14.543720,"Mukalla, Yemen",W,3
222,9/5/2019,10000,Petrol,56.346218,25.144190,"Fujairah, UAE",49.123680,14.543720,"Mukalla, Yemen",W,3
223,9/5/2019,2500,Diesel,56.346218,25.144190,"Fujairah, UAE",49.123680,14.543720,"Mukalla, Yemen",G,5
223,9/5/2019,2500,Petrol,56.346218,25.144190,"Fujairah, UAE",49.123680,14.543720,"Mukalla, Yemen",G,5
224,9/8/2019,17991,Diesel,56.346218,25.144190,"Fujairah, UAE",45.035469,12.809800,"Aden, Yemen",K,1
225,9/9/2019,2000,Diesel,55.420933,25.346254,"Sharjah, UAE",44.201960,15.361980,"Nishtun, Yemen",K,23
226,9/9/2019,8192,Mazout,56.346218,25.144190,"Fujairah, UAE",49.123680,14.543720,"Mukalla, Yemen",W,3
227,9/10/2019,2400,Diesel,56.346218,25.144190,"Fujairah, UAE",44.201960,15.361980,"Nishtun, Yemen",G,5
229,9/15/2019,11377,Diesel,56.346218,25.144190,"Fujairah, UAE",45.035469,12.809800,"Aden, Yemen",W,3
23,12/12/2018,7610,Diesel,,,,43.752860,13.526220,"Hodeida, Yemen",,29
230,9/15/2019,4738,Petrol,56.346218,25.144190,"Fujairah, UAE",44.201960,15.361980,"Nishtun, Yemen",J,29
232,9/21/2019,59095,Diesel,56.346218,25.144190,"Fujairah, UAE",45.035469,12.809800,"Aden, Yemen",B,2
233,9/24/2019,34341,Diesel,56.346218,25.144190,"Fujairah, UAE",45.035469,12.809800,"Aden, Yemen",K,1
234,9/25/2019,38490,Diesel,38.063358,24.093920,"Yanbu, Saudi Arabia",45.035469,12.809800,"Aden, Yemen",B,2
235,9/25/2019,3514,Diesel,55.420933,25.346254,"Sharjah, UAE",49.123680,14.543720,"Mukalla, Yemen",W,3
236,9/25/2019,2830,Diesel,55.420933,25.346254,"Sharjah, UAE",44.201960,15.361980,"Nishtun, Yemen",J,29
237,9/25/2019,3612,Diesel,,,,49.123680,14.543720,"Mukalla, Yemen",L,15
238,10/1/2019,9998,Petrol,48.082729,29.172529,"Jabel Ali, UAE",49.123680,14.543720,"Mukalla, Yemen",A,3
239,10/3/2019,2500,Diesel,56.346218,25.144190,"Fujairah, UAE",49.123680,14.543720,"Mukalla, Yemen",G,5
24,12/12/2018,10496,Mazout,,,,43.752860,13.526220,"Hodeida, Yemen",,7
24,12/12/2018,5087,Diesel,,,,43.752860,13.526220,"Hodeida, Yemen",,7
240,10/5/2019,6595,Diesel,56.346218,25.144190,"Fujairah, UAE",45.035469,12.809800,"Aden, Yemen",K,1
240,10/5/2019,1837,Aircraft fuel,56.346218,25.144190,"Fujairah, UAE",45.035469,12.809800,"Aden, Yemen",K,1
241,10/15/2019,2428,Diesel,56.346218,25.144190,"Fujairah, UAE",43.752860,13.526220,"Hodeida, Yemen",A,7
241,10/15/2019,13499,Mazout,56.346218,25.144190,"Fujairah, UAE",43.752860,13.526220,"Hodeida, Yemen",A,7
242,10/7/2019,11466,Diesel,55.302551,25.257111,"Al Hamriya, UAE",49.123680,14.543720,"Mukalla, Yemen",W,3
243,10/8/2019,4145,Diesel,55.302551,25.257111,"Al Hamriya, UAE",44.201960,15.361980,"Nishtun, Yemen",W,23
244,10/8/2019,5000,Petrol,56.346218,25.144190,"Fujairah, UAE",49.123680,14.543720,"Mukalla, Yemen",G,5
245,10/14/2019,6451,Diesel,55.302551,25.257111,"Al Hamriya, UAE",49.123680,14.543720,"Mukalla, Yemen",L,3
247,10/16/2019,27021,Petrol,48.082729,29.172529,"Jabel Ali, UAE",43.752860,13.526220,"Hodeida, Yemen",P,20
248,10/16/2019,9996,Diesel,56.346218,25.144190,"Fujairah, UAE",43.752860,13.526220,"Hodeida, Yemen",T,24
248,10/16/2019,19501,Petrol,56.346218,25.144190,"Fujairah, UAE",43.752860,13.526220,"Hodeida, Yemen",T,24
249,10/16/2019,29642,Diesel,56.346218,25.144190,"Fujairah, UAE",43.752860,13.526220,"Hodeida, Yemen",T,24
25,12/12/2018,10200,Diesel,,,,49.123680,14.543720,"Mukalla, Yemen",,22
250,10/16/2019,20003,Diesel,56.346218,25.144190,"Fujairah, UAE",43.752860,13.526220,"Hodeida, Yemen",T,24
250,10/16/2019,9984,Petrol,56.346218,25.144190,"Fujairah, UAE",43.752860,13.526220,"Hodeida, Yemen",T,24
251,10/16/2019,11178,Diesel,56.346218,25.144190,"Fujairah, UAE",43.752860,13.526220,"Hodeida, Yemen",L,27
252,9/16/2019,10937,Diesel,56.346218,25.144190,"Fujairah, UAE",43.752860,13.526220,"Hodeida, Yemen",J,29
253,,10817,Diesel,55.302551,25.257111,"Al Hamriya, UAE",43.752860,13.526220,"Hodeida, Yemen",J,29
254,10/16/2019,26915,Petrol,56.346218,25.144190,"Fujairah, UAE",43.752860,13.526220,"Hodeida, Yemen",E,6
255,10/18/2019,7893,Diesel,56.346218,25.144190,"Fujairah, UAE",45.035469,12.809800,"Aden, Yemen",L,27
256,10/20/2019,29152,Petrol,55.302551,25.257111,"Al Hamriya, UAE",45.035469,12.809800,"Aden, Yemen",K,1
257,10/20/2019,10406,Diesel,55.302551,25.257111,"Al Hamriya, UAE",43.752860,13.526220,"Hodeida, Yemen",,17
257,10/20/2019,12910,Petrol,55.302551,25.257111,"Al Hamriya, UAE",43.752860,13.526220,"Hodeida, Yemen",,17
258,10/21/2019,7114,Petrol,56.752079,24.325871,"Sohar, Oman",49.123680,14.543720,"Mukalla, Yemen",W,3
259,10/23/2019,35716,Diesel,48.082729,29.172529,"Jabel Ali, UAE",45.035469,12.809800,"Aden, Yemen",K,1
259,10/23/2019,4999,Aircraft fuel,48.082729,29.172529,"Jabel Ali, UAE",45.035469,12.809800,"Aden, Yemen",K,1
26,12/13/2018,10037,Petrol,,,,49.123680,14.543720,"Mukalla, Yemen",,16
260,10/23/2019,11414,Diesel,56.346218,25.144190,"Fujairah, UAE",49.123680,14.543720,"Mukalla, Yemen",W,3
261,10/23/2019,5000,Diesel,55.302551,25.257111,"Al Hamriya, UAE",49.123680,14.543720,"Mukalla, Yemen",X,12
262,10/26/2019,3360,Diesel,55.420933,25.346254,"Sharjah, UAE",44.201960,15.361980,"Nishtun, Yemen",W,3
263,10/26/2019,9800,Petrol,56.346218,25.144190,"Fujairah, UAE",49.123680,14.543720,"Mukalla, Yemen",W,3
264,10/26/2019,1500,Diesel,55.302551,25.257111,"Al Hamriya, UAE",44.201960,15.361980,"Nishtun, Yemen",,23
265,10/26/2019,2009,Diesel,55.302551,25.257111,"Al Hamriya, UAE",44.201960,15.361980,"Nishtun, Yemen",,23
266,10/28/2019,2495,Petrol,55.420933,25.346254,"Sharjah, UAE",44.201960,15.361980,"Nishtun, Yemen",J,29
267,10/31/2019,16362,Diesel,55.302551,25.257111,"Al Hamriya, UAE",49.123680,14.543720,"Mukalla, Yemen",W,3
268,10/31/2019,2400,Diesel,56.346218,25.144190,"Fujairah, UAE",44.201960,15.361980,"Nishtun, Yemen",G,5
269,10/31/2019,37883,Diesel,56.346218,25.144190,"Fujairah, UAE",45.035469,12.809800,"Aden, Yemen",K,1
27,12/14/2018,6183,Diesel,,,,49.123680,14.543720,"Mukalla, Yemen",,15
271,11/4/2019,2500,Diesel,55.302551,25.257111,"Al Hamriya, UAE",44.201960,15.361980,"Nishtun, Yemen",G,5
272,11/4/2019,2500,Diesel,56.346218,25.144190,"Fujairah, UAE",44.201960,15.361980,"Nishtun, Yemen",G,5
273,11/6/2019,8083,Mazout,56.346218,25.144190,"Fujairah, UAE",45.035469,12.809800,"Aden, Yemen",F,5
274,11/6/2019,5852,Diesel,55.420933,25.346254,"Sharjah, UAE",44.201960,15.361980,"Nishtun, Yemen",J,29
275,11/8/2019,10995,Diesel,56.346218,25.144190,"Fujairah, UAE",43.752860,13.526220,"Hodeida, Yemen",L,27
276,11/8/2019,7190,Mazout,56.346218,25.144190,"Fujairah, UAE",49.123680,14.543720,"Mukalla, Yemen",W,3
277,11/10/2019,19802,Petrol,55.302551,25.257111,"Al Hamriya, UAE",43.752860,13.526220,"Hodeida, Yemen",E,9
278,11/10/2019,29528,Diesel,55.302551,25.257111,"Al Hamriya, UAE",43.752860,13.526220,"Hodeida, Yemen",T,24
279,11/10/2019,17363,Diesel,55.302551,25.257111,"Al Hamriya, UAE",43.752860,13.526220,"Hodeida, Yemen",E,9
28,12/17/2018,14179,Petrol,,,,43.752860,13.526220,"Hodeida, Yemen",,7
280,11/10/2019,29971,Diesel,56.346218,25.144190,"Fujairah, UAE",43.752860,13.526220,"Hodeida, Yemen",P,20
281,11/13/2019,4066,Diesel,55.302551,25.257111,"Al Hamriya, UAE",49.123680,14.543720,"Mukalla, Yemen",L,15
282,11/13/2019,3000,Diesel,55.420933,25.346254,"Sharjah, UAE",49.123680,14.543720,"Mukalla, Yemen",L,18
283,11/18/2019,13318,Mazout,56.346218,25.144190,"Fujairah, UAE",43.752860,13.526220,"Hodeida, Yemen",A,7
283,11/18/2019,2491,Diesel,56.346218,25.144190,"Fujairah, UAE",43.752860,13.526220,"Hodeida, Yemen",A,7
284,10/16/2019,29932,Petrol,56.346218,25.144190,"Fujairah, UAE",43.752860,13.526220,"Hodeida, Yemen",T,24
285,11/22/2019,2400,Diesel,55.420933,25.346254,"Sharjah, UAE",44.201960,15.361980,"Nishtun, Yemen",G,23
286,11/18/2019,21022,Petrol,48.082729,29.172529,"Jabel Ali, UAE",43.752860,13.526220,"Hodeida, Yemen",A,14
287,11/18/2019,3760,Diesel,55.302551,25.257111,"Al Hamriya, UAE",44.201960,15.361980,"Nishtun, Yemen",E,6
288,11/18/2019,7092,Petrol,56.752079,24.325871,"Sohar, Oman",49.123680,14.543720,"Mukalla, Yemen",W,3
29,12/16/2018,5000,Petrol,,,,44.201960,15.361980,"Nishtun, Yemen",,4
290,11/22/2019,11618,Diesel,56.346218,25.144190,"Fujairah, UAE",49.123680,14.543720,"Mukalla, Yemen",W,3
291,11/22/2019,37475,Petrol,55.302551,25.257111,"Al Hamriya, UAE",45.035469,12.809800,"Aden, Yemen",K,1
292,11/26/2019,7500,Diesel,55.420933,25.346254,"Sharjah, UAE",49.123680,14.543720,"Mukalla, Yemen",G,5
293,11/27/2019,29694,Diesel,55.302551,25.257111,"Al Hamriya, UAE",43.752860,13.526220,"Hodeida, Yemen",T,24
294,12/3/2019,2790,Diesel,55.420933,25.346254,"Sharjah, UAE",45.035469,12.809800,"Aden, Yemen",X,26
295,12/3/2019,2472,Diesel,55.302551,25.257111,"Al Hamriya, UAE",45.035469,12.809800,"Aden, Yemen",X,26
296,11/29/2019,3420,Diesel,55.420933,25.346254,"Sharjah, UAE",44.201960,15.361980,"Nishtun, Yemen",W,32
297,12/5/2019,29929,Petrol,56.346218,25.144190,"Fujairah, UAE",43.752860,13.526220,"Hodeida, Yemen",T,24
298,12/10/2019,11964,Diesel,55.302551,25.257111,"Al Hamriya, UAE",49.123680,14.543720,"Mukalla, Yemen",W,3
298,12/5/2019,42812,Diesel,56.346218,25.144190,"Fujairah, UAE",45.035469,12.809800,"Aden, Yemen",K,1
299,12/11/2019,9993,Diesel,56.346218,25.144190,"Fujairah, UAE",43.752860,13.526220,"Hodeida, Yemen",P,20
299,12/11/2019,17472,Petrol,56.346218,25.144190,"Fujairah, UAE",43.752860,13.526220,"Hodeida, Yemen",P,20
3,10/20/2018,10026,Petrol,,,,43.752860,13.526220,"Hodeida, Yemen",,10
3,10/20/2018,17497,Diesel,,,,43.752860,13.526220,"Hodeida, Yemen",,10
30,12/18/2018,29646,Diesel,,,,43.752860,13.526220,"Hodeida, Yemen",,24
302,12/12/2019,27672,Diesel,55.302551,25.257111,"Al Hamriya, UAE",43.752860,13.526220,"Hodeida, Yemen",E,6
304,12/14/2019,19994,Diesel,56.346218,25.144190,"Fujairah, UAE",45.035469,12.809800,"Aden, Yemen",Z,16
304,12/14/2019,19729,Petrol,56.346218,25.144190,"Fujairah, UAE",45.035469,12.809800,"Aden, Yemen",Z,16
305,12/14/2019,42279,Mazout,55.420933,25.346254,"Sharjah, UAE",45.035469,12.809800,"Aden, Yemen",K,1
306,12/18/2019,37822,Diesel,55.383630,25.365300,"Port Khalid, UAE",45.035469,12.809800,"Aden, Yemen",K,1
307,12/16/2019,28994,Diesel,48.082729,29.172529,"Jabel Ali, UAE",43.752860,13.526220,"Hodeida, Yemen",P,20
309,12/18/2019,10000,Petrol,48.082729,29.172529,"Jabel Ali, UAE",49.123680,14.543720,"Mukalla, Yemen",W,3
31,12/18/2018,14747,Diesel,,,,43.752860,13.526220,"Hodeida, Yemen",,29
310,12/25/2019,3875,Diesel,55.420933,25.346254,"Sharjah, UAE",44.201960,15.361980,"Nishtun, Yemen",W,31
311,12/25/2019,2500,Diesel,55.302551,25.257111,"Al Hamriya, UAE",44.201960,15.361980,"Nishtun, Yemen",W,23
312,12/27/2019,16978,Diesel,56.346218,25.144190,"Fujairah, UAE",49.123680,14.543720,"Mukalla, Yemen",Z,16
313,1/2/2020,39950,Diesel,56.350761,25.354851,"Khor Fakkan, UAE",45.035469,12.809800,"Aden, Yemen",K,1
314,1/3/2020,29981,Petrol,56.346218,25.144190,"Fujairah, UAE",43.752860,13.526220,"Hodeida, Yemen",T,24
315,1/3/2020,2494,Diesel,56.346218,25.144190,"Fujairah, UAE",43.752860,13.526220,"Hodeida, Yemen",A,7
315,1/3/2020,13582,Mazout,56.346218,25.144190,"Fujairah, UAE",43.752860,13.526220,"Hodeida, Yemen",A,7
317,1/8/2020,17394,Diesel,55.302551,25.257111,"Al Hamriya, UAE",43.752860,13.526220,"Hodeida, Yemen",J,29
317,1/8/2020,12307,Petrol,55.302551,25.257111,"Al Hamriya, UAE",43.752860,13.526220,"Hodeida, Yemen",J,29
318,1/8/2020,18915,Diesel,56.346218,25.144190,"Fujairah, UAE",43.752860,13.526220,"Hodeida, Yemen",L,27
319,1/8/2020,17019,Diesel,55.302551,25.257111,"Al Hamriya, UAE",43.752860,13.526220,"Hodeida, Yemen",,17
319,1/8/2020,12580,Petrol,55.302551,25.257111,"Al Hamriya, UAE",43.752860,13.526220,"Hodeida, Yemen",,17
32,12/31/2018,4754,Diesel,,,,44.201960,15.361980,"Nishtun, Yemen",,29
320,1/9/2020,4245,Diesel,55.302551,25.257111,"Al Hamriya, UAE",49.123680,14.543720,"Mukalla, Yemen",X,26
321,1/9/2020,6676,Diesel,55.420933,25.346254,"Sharjah, UAE",49.123680,14.543720,"Mukalla, Yemen",W,3
322,1/12/2020,20200,Petrol,55.302551,25.257111,"Al Hamriya, UAE",43.752860,13.526220,"Hodeida, Yemen",E,9
322,1/12/2020,10475,Diesel,55.302551,25.257111,"Al Hamriya, UAE",43.752860,13.526220,"Hodeida, Yemen",E,9
324,1/3/2020,10288,Petrol,56.346218,25.144190,"Fujairah, UAE",49.123680,14.543720,"Mukalla, Yemen",W,3
325,1/13/2020,28944,Diesel,55.302551,25.257111,"Al Hamriya, UAE",45.035469,12.809800,"Aden, Yemen",K,21
326,1/14/2020,7700,Mazout,56.346218,25.144190,"Fujairah, UAE",49.123680,14.543720,"Mukalla, Yemen",G,5
328,1/28/2020,5500,Diesel,55.420933,25.346254,"Sharjah, UAE",49.123680,14.543720,"Mukalla, Yemen",L,18
33,12/18/2018,2698,Diesel,,,,49.123680,14.543720,"Mukalla, Yemen",,3
331,1/23/2020,2551,Diesel,55.302551,25.257111,"Al Hamriya, UAE",44.201960,15.361980,"Nishtun, Yemen",G,
332,1/28/2020,34916,Petrol,56.350761,25.354851,"Khor Fakkan, UAE",45.035469,12.809800,"Aden, Yemen",K,1
34,12/26/2018,4700,Diesel,,,,49.123680,14.543720,"Mukalla, Yemen",,5
35,12/26/2018,6500,Diesel,,,,49.123680,14.543720,"Mukalla, Yemen",,5
36,12/26/2018,9924,Petrol,,,,49.123680,14.543720,"Mukalla, Yemen",,3
37,12/26/2018,10998,Diesel,,,,49.123680,14.543720,"Mukalla, Yemen",,16
38,12/27/2018,4775,Mazout,,,,49.123680,14.543720,"Mukalla, Yemen",,3
39,12/29/2018,3445,Diesel,,,,49.123680,14.543720,"Mukalla, Yemen",,3
4,10/20/2018,7498,Petrol,,,,43.752860,13.526220,"Hodeida, Yemen",,10
40,12/30/2018,2821,Diesel,,,,44.201960,15.361980,"Nishtun, Yemen",,29
41,12/31/2018,2600,Diesel,,,,44.201960,15.361980,"Nishtun, Yemen",,5
42,1/1/2019,4330,Diesel,,,,49.123680,14.543720,"Mukalla, Yemen",,3
43,1/10/2019,11461,Diesel,,,,43.752860,13.526220,"Hodeida, Yemen",,29
44,1/9/2019,9834,Petrol,,,,49.123680,14.543720,"Mukalla, Yemen",,3
45,1/10/2019,27665,Petrol,,,,43.752860,13.526220,"Hodeida, Yemen",,13
46,1/10/2019,10897,Petrol,,,,43.752860,13.526220,"Hodeida, Yemen",,7
46,1/10/2019,8454,Diesel,,,,43.752860,13.526220,"Hodeida, Yemen",,7
47,1/10/2019,17954,Petrol,,,,43.752860,13.526220,"Hodeida, Yemen",,10
47,1/10/2019,9492,Diesel,,,,43.752860,13.526220,"Hodeida, Yemen",,10
48,1/11/2019,3700,Diesel,,,,44.201960,15.361980,"Nishtun, Yemen",,18
49,1/11/2019,5500,Diesel,,,,49.123680,14.543720,"Mukalla, Yemen",,5
50,1/11/2019,4536,Diesel,,,,49.123680,14.543720,"Mukalla, Yemen",,3
51,1/14/2019,11000,Diesel,,,,43.752860,13.526220,"Hodeida, Yemen",,14
51,1/14/2019,10000,Petrol,,,,43.752860,13.526220,"Hodeida, Yemen",,14
52,1/15/2019,4970,Petrol,,,,49.123680,14.543720,"Mukalla, Yemen",,6
53,1/16/2019,23958,Petrol,,,,43.752860,13.526220,"Hodeida, Yemen",,24
54,1/16/2019,10000,Petrol,,,,49.123680,14.543720,"Mukalla, Yemen",,16
55,1/16/2019,36545,Petrol,,,,45.035469,12.809800,"Aden, Yemen",,1
55,1/16/2019,1297,Aircraft fuel,,,,45.035469,12.809800,"Aden, Yemen",,1
56,1/17/2019,4488,Diesel,,,,45.035469,12.809800,"Aden, Yemen",,1
57,1/17/2019,5078,Diesel,,,,45.035469,12.809800,"Aden, Yemen",,1
58,1/21/2019,9859,Petrol,,,,49.123680,14.543720,"Mukalla, Yemen",,3
59,1/22/2019,2718,Diesel,,,,49.123680,14.543720,"Mukalla, Yemen",,3
6,10/26/2018,23760,Diesel,,,,44.201960,15.361980,"Nishtun, Yemen",,3
60,1/22/2019,6200,Diesel,,,,49.123680,14.543720,"Mukalla, Yemen",,5
61,1/22/2019,4725,Gas,,,,43.752860,13.526220,"Hodeida, Yemen",,19
62,1/24/2019,4679,Aircraft fuel,,,,45.035469,12.809800,"Aden, Yemen",,2
63,1/26/2019,67707,Diesel,,,,45.035469,12.809800,"Aden, Yemen",,2
64,1/26/2019,12572,Mazout,,,,43.752860,13.526220,"Hodeida, Yemen",,7
64,1/26/2019,3120,Diesel,,,,43.752860,13.526220,"Hodeida, Yemen",,7
65,1/29/2019,22039,Petrol,,,,43.752860,13.526220,"Hodeida, Yemen",,24
65,1/29/2019,7401,Diesel,,,,43.752860,13.526220,"Hodeida, Yemen",,24
66,1/27/2019,2400,Diesel,,,,44.201960,15.361980,"Nishtun, Yemen",,5
67,1/28/2019,3414,Diesel,,,,49.123680,14.543720,"Mukalla, Yemen",,3
68,1/29/2019,30025,Diesel,,,,43.752860,13.526220,"Hodeida, Yemen",,24
69,2/1/2019,2300,Diesel,,,,49.123680,14.543720,"Mukalla, Yemen",,5
7,10/29/2018,30432,Diesel,,,,43.752860,13.526220,"Hodeida, Yemen",,24
7,10/29/2018,,Petrol,,,,43.752860,13.526220,"Hodeida, Yemen",,24
70,2/4/2019,20641,Diesel,,,,43.752860,13.526220,"Hodeida, Yemen",,10
71,2/7/2019,11873,Diesel,,,,49.123680,14.543720,"Mukalla, Yemen",,3
72,2/11/2019,5000,Diesel,,,,45.035469,12.809800,"Aden, Yemen",,27
73,2/15/2019,61001,Petrol,,,,45.035469,12.809800,"Aden, Yemen",,2
74,2/15/2019,10280,Petrol,,,,43.752860,13.526220,"Hodeida, Yemen",,10
74,2/15/2019,17398,Diesel,,,,43.752860,13.526220,"Hodeida, Yemen",,10
75,2/21/2019,11981,Diesel,,,,43.752860,13.526220,"Hodeida, Yemen",,27
76,2/21/2019,11509,Diesel,,,,43.752860,13.526220,"Hodeida, Yemen",,29
77,2/23/2019,13578,Diesel,,,,43.752860,13.526220,"Hodeida, Yemen",,29
77,2/23/2019,5696,Petrol,,,,43.752860,13.526220,"Hodeida, Yemen",,29
78,2/23/2019,9970,Petrol,,,,49.123680,14.543720,"Mukalla, Yemen",,3
79,2/23/2019,24132,Petrol,,,,43.752860,13.526220,"Hodeida, Yemen",,24
8,11/2/2018,17510,Diesel,,,,43.752860,13.526220,"Hodeida, Yemen",,19
8,11/2/2018,,,,,,43.752860,13.526220,"Hodeida, Yemen",,19
80,2/25/2019,3951,Mazout,,,,49.123680,14.543720,"Mukalla, Yemen",,3
81,3/1/2019,4800,Gas,,,,43.752860,13.526220,"Hodeida, Yemen",,19
82,3/3/2019,60036,Diesel,,,,45.035469,12.809800,"Aden, Yemen",,2
83,3/6/2019,3100,Diesel,,,,44.201960,15.361980,"Nishtun, Yemen",,5
84,3/6/2019,25162,Diesel,,,,43.752860,13.526220,"Hodeida, Yemen",,21
85,3/7/2019,10824,Diesel,,,,43.752860,13.526220,"Hodeida, Yemen",,14
86,3/7/2019,7136,Diesel,,,,49.123680,14.543720,"Mukalla, Yemen",,3
87,3/7/2019,15696,Petrol,,,,43.752860,13.526220,"Hodeida, Yemen",,7
88,3/8/2019,13608,Petrol,,,,43.752860,13.526220,"Hodeida, Yemen",,13
89,3/10/2019,2178,Diesel,,,,49.123680,14.543720,"Mukalla, Yemen",,3
9,11/5/2018,15426,Diesel,,,,45.035469,12.809800,"Aden, Yemen",,27
90,3/13/2019,3100,Diesel,,,,44.201960,15.361980,"Nishtun, Yemen",,5
91,3/15/2019,2900,Diesel,,,,44.201960,15.361980,"Nishtun, Yemen",,5
92,3/15/2019,11631,Diesel,,,,43.752860,13.526220,"Hodeida, Yemen",,29
93,3/18/2019,4000,Diesel,,,,44.201960,15.361980,"Nishtun, Yemen",,5
94,3/18/2019,20896,Diesel,,,,43.752860,13.526220,"Hodeida, Yemen",,9
95,3/19/2019,30834,Diesel,,,,43.752860,13.526220,"Hodeida, Yemen",,24
96,3/21/2019,2238,Diesel,,,,49.123680,14.543720,"Mukalla, Yemen",,3
97,3/24/2019,4200,Diesel,,,,44.201960,15.361980,"Nishtun, Yemen",,5
98,3/23/2019,30564,Petrol,,,,43.752860,13.526220,"Hodeida, Yemen",,7
99,3/23/2019,29992,Diesel,,,,43.752860,13.526220,"Hodeida, Yemen",,24
